{"cameraMode":{"drawMode":0,"name":"Shaded","section":"Shading Mode"},"sceneLighting":true,"audioPlay":false,"sceneViewState":{"m_AlwaysRefresh":false,"showFog":true,"showSkybox":true,"showFlares":true,"showImageEffects":true,"showParticleSystems":true,"showVisualEffectGraphs":true,"m_FxEnabled":true},"in2DMode":false,"pivot":{"x":4.383625030517578,"y":36.32514572143555,"z":-2.9893798828125},"rotation":{"x":0.016808945685625078,"y":-0.001189391827210784,"z":0.000020065046555828303,"w":0.9998600482940674},"size":96.01611328125,"orthographic":false}